{"cameraMode":{"drawMode":0,"name":"Shaded","section":"Shading Mode"},"sceneLighting":true,"audioPlay":false,"sceneViewState":{"showFog":true,"showMaterialUpdate":false,"showSkybox":true,"showFlares":true,"showImageEffects":true,"showParticleSystems":true},"in2DMode":false,"pivot":{"x":58.55315017700195,"y":-1.9110889434814454,"z":5.397436141967773},"rotation":{"x":-0.12680932879447938,"y":0.6396679878234863,"z":-0.10808103531599045,"w":-0.7503969669342041},"size":48.62328338623047,"orthographic":true}